"Geo Code","Geo Name","Line Number"
"2021A0011A0A","A0A",2
"2021A0011A0B","A0B",1626
"2021A0011A0C","A0C",3250
"2021A0011A0E","A0E",4874
"2021A0011A0G","A0G",6498
"2021A0011A0H","A0H",8122
"2021A0011A0J","A0J",9746
"2021A0011A0K","A0K",11370
"2021A0011A0L","A0L",12994
"2021A0011A0M","A0M",14618
"2021A0011A0N","A0N",16242
"2021A0011A0P","A0P",17866
"2021A0011A0R","A0R",19490
"2021A0011A1A","A1A",21114
"2021A0011A1B","A1B",22738
"2021A0011A1C","A1C",24362
"2021A0011A1E","A1E",25986
"2021A0011A1G","A1G",27610
"2021A0011A1H","A1H",29234
"2021A0011A1K","A1K",30858
"2021A0011A1L","A1L",32482
"2021A0011A1M","A1M",34106
"2021A0011A1N","A1N",35730
"2021A0011A1S","A1S",37354
"2021A0011A1V","A1V",38978
"2021A0011A1W","A1W",40602
"2021A0011A1X","A1X",42226
"2021A0011A1Y","A1Y",43850
"2021A0011A2A","A2A",45474
"2021A0011A2B","A2B",47098
"2021A0011A2H","A2H",48722
"2021A0011A2N","A2N",50346
"2021A0011A2V","A2V",51970
"2021A0011A5A","A5A",53594
"2021A0011A8A","A8A",55218
"2021A0011B0C","B0C",56842
"2021A0011B0E","B0E",58466
"2021A0011B0H","B0H",60090
"2021A0011B0J","B0J",61714
"2021A0011B0K","B0K",63338
"2021A0011B0L","B0L",64962
"2021A0011B0M","B0M",66586
"2021A0011B0N","B0N",68210
"2021A0011B0P","B0P",69834
"2021A0011B0R","B0R",71458
"2021A0011B0S","B0S",73082
"2021A0011B0T","B0T",74706
"2021A0011B0V","B0V",76330
"2021A0011B0W","B0W",77954
"2021A0011B1A","B1A",79578
"2021A0011B1B","B1B",81202
"2021A0011B1C","B1C",82826
"2021A0011B1E","B1E",84450
"2021A0011B1G","B1G",86074
"2021A0011B1H","B1H",87698
"2021A0011B1J","B1J",89322
"2021A0011B1K","B1K",90946
"2021A0011B1L","B1L",92570
"2021A0011B1M","B1M",94194
"2021A0011B1N","B1N",95818
"2021A0011B1P","B1P",97442
"2021A0011B1R","B1R",99066
"2021A0011B1S","B1S",100690
"2021A0011B1T","B1T",102314
"2021A0011B1V","B1V",103938
"2021A0011B1W","B1W",105562
"2021A0011B1X","B1X",107186
"2021A0011B1Y","B1Y",108810
"2021A0011B2A","B2A",110434
"2021A0011B2C","B2C",112058
"2021A0011B2E","B2E",113682
"2021A0011B2G","B2G",115306
"2021A0011B2H","B2H",116930
"2021A0011B2J","B2J",118554
"2021A0011B2N","B2N",120178
"2021A0011B2R","B2R",121802
"2021A0011B2S","B2S",123426
"2021A0011B2T","B2T",125050
"2021A0011B2V","B2V",126674
"2021A0011B2W","B2W",128298
"2021A0011B2X","B2X",129922
"2021A0011B2Y","B2Y",131546
"2021A0011B2Z","B2Z",133170
"2021A0011B3A","B3A",134794
"2021A0011B3B","B3B",136418
"2021A0011B3E","B3E",138042
"2021A0011B3G","B3G",139666
"2021A0011B3H","B3H",141290
"2021A0011B3J","B3J",142914
"2021A0011B3K","B3K",144538
"2021A0011B3L","B3L",146162
"2021A0011B3M","B3M",147786
"2021A0011B3N","B3N",149410
"2021A0011B3P","B3P",151034
"2021A0011B3R","B3R",152658
"2021A0011B3S","B3S",154282
"2021A0011B3T","B3T",155906
"2021A0011B3V","B3V",157530
"2021A0011B3Z","B3Z",159154
"2021A0011B4A","B4A",160778
"2021A0011B4B","B4B",162402
"2021A0011B4C","B4C",164026
"2021A0011B4E","B4E",165650
"2021A0011B4G","B4G",167274
"2021A0011B4H","B4H",168898
"2021A0011B4N","B4N",170522
"2021A0011B4P","B4P",172146
"2021A0011B4R","B4R",173770
"2021A0011B4V","B4V",175394
"2021A0011B5A","B5A",177018
"2021A0011B6L","B6L",178642
"2021A0011B9A","B9A",180266
"2021A0011C0A","C0A",181890
"2021A0011C0B","C0B",183514
"2021A0011C1A","C1A",185138
"2021A0011C1B","C1B",186762
"2021A0011C1C","C1C",188386
"2021A0011C1E","C1E",190010
"2021A0011C1N","C1N",191634
"2021A0011E1A","E1A",193258
"2021A0011E1B","E1B",194882
"2021A0011E1C","E1C",196506
"2021A0011E1E","E1E",198130
"2021A0011E1G","E1G",199754
"2021A0011E1H","E1H",201378
"2021A0011E1J","E1J",203002
"2021A0011E1N","E1N",204626
"2021A0011E1V","E1V",206250
"2021A0011E1W","E1W",207874
"2021A0011E1X","E1X",209498
"2021A0011E2A","E2A",211122
"2021A0011E2E","E2E",212746
"2021A0011E2G","E2G",214370
"2021A0011E2H","E2H",215994
"2021A0011E2J","E2J",217618
"2021A0011E2K","E2K",219242
"2021A0011E2L","E2L",220866
"2021A0011E2M","E2M",222490
"2021A0011E2N","E2N",224114
"2021A0011E2P","E2P",225738
"2021A0011E2R","E2R",227362
"2021A0011E2S","E2S",228986
"2021A0011E2V","E2V",230610
"2021A0011E3A","E3A",232234
"2021A0011E3B","E3B",233858
"2021A0011E3C","E3C",235482
"2021A0011E3E","E3E",237106
"2021A0011E3G","E3G",238730
"2021A0011E3L","E3L",240354
"2021A0011E3N","E3N",241978
"2021A0011E3V","E3V",243602
"2021A0011E3Y","E3Y",245226
"2021A0011E3Z","E3Z",246850
"2021A0011E4A","E4A",248474
"2021A0011E4B","E4B",250098
"2021A0011E4C","E4C",251722
"2021A0011E4E","E4E",253346
"2021A0011E4G","E4G",254970
"2021A0011E4H","E4H",256594
"2021A0011E4J","E4J",258218
"2021A0011E4K","E4K",259842
"2021A0011E4L","E4L",261466
"2021A0011E4M","E4M",263090
"2021A0011E4N","E4N",264714
"2021A0011E4P","E4P",266338
"2021A0011E4R","E4R",267962
"2021A0011E4S","E4S",269586
"2021A0011E4T","E4T",271210
"2021A0011E4V","E4V",272834
"2021A0011E4W","E4W",274458
"2021A0011E4X","E4X",276082
"2021A0011E4Y","E4Y",277706
"2021A0011E4Z","E4Z",279330
"2021A0011E5A","E5A",280954
"2021A0011E5B","E5B",282578
"2021A0011E5C","E5C",284202
"2021A0011E5E","E5E",285826
"2021A0011E5G","E5G",287450
"2021A0011E5H","E5H",289074
"2021A0011E5J","E5J",290698
"2021A0011E5K","E5K",292322
"2021A0011E5L","E5L",293946
"2021A0011E5M","E5M",295570
"2021A0011E5N","E5N",297194
"2021A0011E5P","E5P",298818
"2021A0011E5R","E5R",300442
"2021A0011E5S","E5S",302066
"2021A0011E5T","E5T",303690
"2021A0011E5V","E5V",305314
"2021A0011E6A","E6A",306938
"2021A0011E6B","E6B",308562
"2021A0011E6C","E6C",310186
"2021A0011E6E","E6E",311810
"2021A0011E6G","E6G",313434
"2021A0011E6H","E6H",315058
"2021A0011E6J","E6J",316682
"2021A0011E6K","E6K",318306
"2021A0011E6L","E6L",319930
"2021A0011E7A","E7A",321554
"2021A0011E7B","E7B",323178
"2021A0011E7C","E7C",324802
"2021A0011E7E","E7E",326426
"2021A0011E7G","E7G",328050
"2021A0011E7H","E7H",329674
"2021A0011E7J","E7J",331298
"2021A0011E7K","E7K",332922
"2021A0011E7L","E7L",334546
"2021A0011E7M","E7M",336170
"2021A0011E7N","E7N",337794
"2021A0011E7P","E7P",339418
"2021A0011E8A","E8A",341042
"2021A0011E8B","E8B",342666
"2021A0011E8C","E8C",344290
"2021A0011E8E","E8E",345914
"2021A0011E8G","E8G",347538
"2021A0011E8J","E8J",349162
"2021A0011E8K","E8K",350786
"2021A0011E8L","E8L",352410
"2021A0011E8M","E8M",354034
"2021A0011E8N","E8N",355658
"2021A0011E8P","E8P",357282
"2021A0011E8R","E8R",358906
"2021A0011E8S","E8S",360530
"2021A0011E8T","E8T",362154
"2021A0011E9A","E9A",363778
"2021A0011E9B","E9B",365402
"2021A0011E9C","E9C",367026
"2021A0011E9E","E9E",368650
"2021A0011E9G","E9G",370274
"2021A0011E9H","E9H",371898
"2021A0011G0A","G0A",373522
"2021A0011G0C","G0C",375146
"2021A0011G0E","G0E",376770
"2021A0011G0G","G0G",378394
"2021A0011G0H","G0H",380018
"2021A0011G0J","G0J",381642
"2021A0011G0K","G0K",383266
"2021A0011G0L","G0L",384890
"2021A0011G0M","G0M",386514
"2021A0011G0N","G0N",388138
"2021A0011G0P","G0P",389762
"2021A0011G0R","G0R",391386
"2021A0011G0S","G0S",393010
"2021A0011G0T","G0T",394634
"2021A0011G0V","G0V",396258
"2021A0011G0W","G0W",397882
"2021A0011G0X","G0X",399506
"2021A0011G0Y","G0Y",401130
"2021A0011G0Z","G0Z",402754
"2021A0011G1B","G1B",404378
"2021A0011G1C","G1C",406002
"2021A0011G1E","G1E",407626
"2021A0011G1G","G1G",409250
"2021A0011G1H","G1H",410874
"2021A0011G1J","G1J",412498
"2021A0011G1K","G1K",414122
"2021A0011G1L","G1L",415746
"2021A0011G1M","G1M",417370
"2021A0011G1N","G1N",418994
"2021A0011G1P","G1P",420618
"2021A0011G1R","G1R",422242
"2021A0011G1S","G1S",423866
"2021A0011G1T","G1T",425490
"2021A0011G1V","G1V",427114
"2021A0011G1W","G1W",428738
"2021A0011G1X","G1X",430362
"2021A0011G1Y","G1Y",431986
"2021A0011G2A","G2A",433610
"2021A0011G2B","G2B",435234
"2021A0011G2C","G2C",436858
"2021A0011G2E","G2E",438482
"2021A0011G2G","G2G",440106
"2021A0011G2J","G2J",441730
"2021A0011G2K","G2K",443354
"2021A0011G2L","G2L",444978
"2021A0011G2M","G2M",446602
"2021A0011G2N","G2N",448226
"2021A0011G3A","G3A",449850
"2021A0011G3B","G3B",451474
"2021A0011G3C","G3C",453098
"2021A0011G3E","G3E",454722
"2021A0011G3G","G3G",456346
"2021A0011G3H","G3H",457970
"2021A0011G3J","G3J",459594
"2021A0011G3K","G3K",461218
"2021A0011G3L","G3L",462842
"2021A0011G3M","G3M",464466
"2021A0011G3N","G3N",466090
"2021A0011G3S","G3S",467714
"2021A0011G3Z","G3Z",469338
"2021A0011G4A","G4A",470962
"2021A0011G4R","G4R",472586
"2021A0011G4S","G4S",474210
"2021A0011G4T","G4T",475834
"2021A0011G4V","G4V",477458
"2021A0011G4W","G4W",479082
"2021A0011G4X","G4X",480706
"2021A0011G4Z","G4Z",482330
"2021A0011G5A","G5A",483954
"2021A0011G5B","G5B",485578
"2021A0011G5C","G5C",487202
"2021A0011G5H","G5H",488826
"2021A0011G5J","G5J",490450
"2021A0011G5L","G5L",492074
"2021A0011G5M","G5M",493698
"2021A0011G5N","G5N",495322
"2021A0011G5R","G5R",496946
"2021A0011G5T","G5T",498570
"2021A0011G5V","G5V",500194
"2021A0011G5X","G5X",501818
"2021A0011G5Y","G5Y",503442
"2021A0011G5Z","G5Z",505066
"2021A0011G6A","G6A",506690
"2021A0011G6B","G6B",508314
"2021A0011G6C","G6C",509938
"2021A0011G6E","G6E",511562
"2021A0011G6G","G6G",513186
"2021A0011G6H","G6H",514810
"2021A0011G6J","G6J",516434
"2021A0011G6K","G6K",518058
"2021A0011G6L","G6L",519682
"2021A0011G6P","G6P",521306
"2021A0011G6R","G6R",522930
"2021A0011G6S","G6S",524554
"2021A0011G6T","G6T",526178
"2021A0011G6V","G6V",527802
"2021A0011G6W","G6W",529426
"2021A0011G6X","G6X",531050
"2021A0011G6Y","G6Y",532674
"2021A0011G6Z","G6Z",534298
"2021A0011G7A","G7A",535922
"2021A0011G7B","G7B",537546
"2021A0011G7G","G7G",539170
"2021A0011G7H","G7H",540794
"2021A0011G7J","G7J",542418
"2021A0011G7K","G7K",544042
"2021A0011G7N","G7N",545666
"2021A0011G7P","G7P",547290
"2021A0011G7S","G7S",548914
"2021A0011G7T","G7T",550538
"2021A0011G7X","G7X",552162
"2021A0011G7Y","G7Y",553786
"2021A0011G7Z","G7Z",555410
"2021A0011G8A","G8A",557034
"2021A0011G8B","G8B",558658
"2021A0011G8C","G8C",560282
"2021A0011G8E","G8E",561906
"2021A0011G8G","G8G",563530
"2021A0011G8H","G8H",565154
"2021A0011G8J","G8J",566778
"2021A0011G8K","G8K",568402
"2021A0011G8L","G8L",570026
"2021A0011G8M","G8M",571650
"2021A0011G8N","G8N",573274
"2021A0011G8P","G8P",574898
"2021A0011G8T","G8T",576522
"2021A0011G8V","G8V",578146
"2021A0011G8W","G8W",579770
"2021A0011G8Y","G8Y",581394
"2021A0011G8Z","G8Z",583018
"2021A0011G9A","G9A",584642
"2021A0011G9B","G9B",586266
"2021A0011G9C","G9C",587890
"2021A0011G9H","G9H",589514
"2021A0011G9N","G9N",591138
"2021A0011G9P","G9P",592762
"2021A0011G9R","G9R",594386
"2021A0011G9T","G9T",596010
"2021A0011G9X","G9X",597634
"2021A0011H1A","H1A",599258
"2021A0011H1B","H1B",600882
"2021A0011H1C","H1C",602506
"2021A0011H1E","H1E",604130
"2021A0011H1G","H1G",605754
"2021A0011H1H","H1H",607378
"2021A0011H1J","H1J",609002
"2021A0011H1K","H1K",610626
"2021A0011H1L","H1L",612250
"2021A0011H1M","H1M",613874
"2021A0011H1N","H1N",615498
"2021A0011H1P","H1P",617122
"2021A0011H1R","H1R",618746
"2021A0011H1S","H1S",620370
"2021A0011H1T","H1T",621994
"2021A0011H1V","H1V",623618
"2021A0011H1W","H1W",625242
"2021A0011H1X","H1X",626866
"2021A0011H1Y","H1Y",628490
"2021A0011H1Z","H1Z",630114
"2021A0011H2A","H2A",631738
"2021A0011H2B","H2B",633362
"2021A0011H2C","H2C",634986
"2021A0011H2E","H2E",636610
"2021A0011H2G","H2G",638234
"2021A0011H2H","H2H",639858
"2021A0011H2J","H2J",641482
"2021A0011H2K","H2K",643106
"2021A0011H2L","H2L",644730
"2021A0011H2M","H2M",646354
"2021A0011H2N","H2N",647978
"2021A0011H2P","H2P",649602
"2021A0011H2R","H2R",651226
"2021A0011H2S","H2S",652850
"2021A0011H2T","H2T",654474
"2021A0011H2V","H2V",656098
"2021A0011H2W","H2W",657722
"2021A0011H2X","H2X",659346
"2021A0011H2Y","H2Y",660970
"2021A0011H2Z","H2Z",662594
"2021A0011H3A","H3A",664218
"2021A0011H3B","H3B",665842
"2021A0011H3C","H3C",667466
"2021A0011H3E","H3E",669090
"2021A0011H3G","H3G",670714
"2021A0011H3H","H3H",672338
"2021A0011H3J","H3J",673962
"2021A0011H3K","H3K",675586
"2021A0011H3L","H3L",677210
"2021A0011H3M","H3M",678834
"2021A0011H3N","H3N",680458
"2021A0011H3P","H3P",682082
"2021A0011H3R","H3R",683706
"2021A0011H3S","H3S",685330
"2021A0011H3T","H3T",686954
"2021A0011H3V","H3V",688578
"2021A0011H3W","H3W",690202
"2021A0011H3X","H3X",691826
"2021A0011H3Y","H3Y",693450
"2021A0011H3Z","H3Z",695074
"2021A0011H4A","H4A",696698
"2021A0011H4B","H4B",698322
"2021A0011H4C","H4C",699946
"2021A0011H4E","H4E",701570
"2021A0011H4G","H4G",703194
"2021A0011H4H","H4H",704818
"2021A0011H4J","H4J",706442
"2021A0011H4K","H4K",708066
"2021A0011H4L","H4L",709690
"2021A0011H4M","H4M",711314
"2021A0011H4N","H4N",712938
"2021A0011H4P","H4P",714562
"2021A0011H4R","H4R",716186
"2021A0011H4S","H4S",717810
"2021A0011H4T","H4T",719434
"2021A0011H4V","H4V",721058
"2021A0011H4W","H4W",722682
"2021A0011H4X","H4X",724306
"2021A0011H7A","H7A",725930
"2021A0011H7B","H7B",727554
"2021A0011H7C","H7C",729178
"2021A0011H7E","H7E",730802
"2021A0011H7G","H7G",732426
"2021A0011H7H","H7H",734050
"2021A0011H7J","H7J",735674
"2021A0011H7K","H7K",737298
"2021A0011H7L","H7L",738922
"2021A0011H7M","H7M",740546
"2021A0011H7N","H7N",742170
"2021A0011H7P","H7P",743794
"2021A0011H7R","H7R",745418
"2021A0011H7S","H7S",747042
"2021A0011H7T","H7T",748666
"2021A0011H7V","H7V",750290
"2021A0011H7W","H7W",751914
"2021A0011H7X","H7X",753538
"2021A0011H7Y","H7Y",755162
"2021A0011H8N","H8N",756786
"2021A0011H8P","H8P",758410
"2021A0011H8R","H8R",760034
"2021A0011H8S","H8S",761658
"2021A0011H8T","H8T",763282
"2021A0011H8Y","H8Y",764906
"2021A0011H8Z","H8Z",766530
"2021A0011H9A","H9A",768154
"2021A0011H9B","H9B",769778
"2021A0011H9C","H9C",771402
"2021A0011H9E","H9E",773026
"2021A0011H9G","H9G",774650
"2021A0011H9H","H9H",776274
"2021A0011H9J","H9J",777898
"2021A0011H9K","H9K",779522
"2021A0011H9P","H9P",781146
"2021A0011H9R","H9R",782770
"2021A0011H9S","H9S",784394
"2021A0011H9W","H9W",786018
"2021A0011H9X","H9X",787642
"2021A0011J0A","J0A",789266
"2021A0011J0B","J0B",790890
"2021A0011J0C","J0C",792514
"2021A0011J0E","J0E",794138
"2021A0011J0G","J0G",795762
"2021A0011J0H","J0H",797386
"2021A0011J0J","J0J",799010
"2021A0011J0K","J0K",800634
"2021A0011J0L","J0L",802258
"2021A0011J0M","J0M",803882
"2021A0011J0N","J0N",805506
"2021A0011J0P","J0P",807130
"2021A0011J0R","J0R",808754
"2021A0011J0S","J0S",810378
"2021A0011J0T","J0T",812002
"2021A0011J0V","J0V",813626
"2021A0011J0W","J0W",815250
"2021A0011J0X","J0X",816874
"2021A0011J0Y","J0Y",818498
"2021A0011J0Z","J0Z",820122
"2021A0011J1A","J1A",821746
"2021A0011J1C","J1C",823370
"2021A0011J1E","J1E",824994
"2021A0011J1G","J1G",826618
"2021A0011J1H","J1H",828242
"2021A0011J1J","J1J",829866
"2021A0011J1K","J1K",831490
"2021A0011J1L","J1L",833114
"2021A0011J1M","J1M",834738
"2021A0011J1N","J1N",836362
"2021A0011J1R","J1R",837986
"2021A0011J1S","J1S",839610
"2021A0011J1T","J1T",841234
"2021A0011J1X","J1X",842858
"2021A0011J1Z","J1Z",844482
"2021A0011J2A","J2A",846106
"2021A0011J2B","J2B",847730
"2021A0011J2C","J2C",849354
"2021A0011J2E","J2E",850978
"2021A0011J2G","J2G",852602
"2021A0011J2H","J2H",854226
"2021A0011J2J","J2J",855850
"2021A0011J2K","J2K",857474
"2021A0011J2L","J2L",859098
"2021A0011J2M","J2M",860722
"2021A0011J2N","J2N",862346
"2021A0011J2R","J2R",863970
"2021A0011J2S","J2S",865594
"2021A0011J2T","J2T",867218
"2021A0011J2W","J2W",868842
"2021A0011J2X","J2X",870466
"2021A0011J2Y","J2Y",872090
"2021A0011J3A","J3A",873714
"2021A0011J3B","J3B",875338
"2021A0011J3E","J3E",876962
"2021A0011J3G","J3G",878586
"2021A0011J3H","J3H",880210
"2021A0011J3L","J3L",881834
"2021A0011J3M","J3M",883458
"2021A0011J3N","J3N",885082
"2021A0011J3P","J3P",886706
"2021A0011J3R","J3R",888330
"2021A0011J3T","J3T",889954
"2021A0011J3V","J3V",891578
"2021A0011J3X","J3X",893202
"2021A0011J3Y","J3Y",894826
"2021A0011J3Z","J3Z",896450
"2021A0011J4B","J4B",898074
"2021A0011J4G","J4G",899698
"2021A0011J4H","J4H",901322
"2021A0011J4J","J4J",902946
"2021A0011J4K","J4K",904570
"2021A0011J4L","J4L",906194
"2021A0011J4M","J4M",907818
"2021A0011J4N","J4N",909442
"2021A0011J4P","J4P",911066
"2021A0011J4R","J4R",912690
"2021A0011J4S","J4S",914314
"2021A0011J4T","J4T",915938
"2021A0011J4V","J4V",917562
"2021A0011J4W","J4W",919186
"2021A0011J4X","J4X",920810
"2021A0011J4Y","J4Y",922434
"2021A0011J4Z","J4Z",924058
"2021A0011J5A","J5A",925682
"2021A0011J5B","J5B",927306
"2021A0011J5C","J5C",928930
"2021A0011J5J","J5J",930554
"2021A0011J5K","J5K",932178
"2021A0011J5L","J5L",933802
"2021A0011J5M","J5M",935426
"2021A0011J5N","J5N",937050
"2021A0011J5R","J5R",938674
"2021A0011J5T","J5T",940298
"2021A0011J5V","J5V",941922
"2021A0011J5W","J5W",943546
"2021A0011J5X","J5X",945170
"2021A0011J5Y","J5Y",946794
"2021A0011J5Z","J5Z",948418
"2021A0011J6A","J6A",950042
"2021A0011J6E","J6E",951666
"2021A0011J6J","J6J",953290
"2021A0011J6K","J6K",954914
"2021A0011J6N","J6N",956538
"2021A0011J6R","J6R",958162
"2021A0011J6S","J6S",959786
"2021A0011J6T","J6T",961410
"2021A0011J6V","J6V",963034
"2021A0011J6W","J6W",964658
"2021A0011J6X","J6X",966282
"2021A0011J6Y","J6Y",967906
"2021A0011J6Z","J6Z",969530
"2021A0011J7A","J7A",971154
"2021A0011J7B","J7B",972778
"2021A0011J7C","J7C",974402
"2021A0011J7E","J7E",976026
"2021A0011J7G","J7G",977650
"2021A0011J7H","J7H",979274
"2021A0011J7J","J7J",980898
"2021A0011J7K","J7K",982522
"2021A0011J7L","J7L",984146
"2021A0011J7M","J7M",985770
"2021A0011J7N","J7N",987394
"2021A0011J7P","J7P",989018
"2021A0011J7R","J7R",990642
"2021A0011J7T","J7T",992266
"2021A0011J7V","J7V",993890
"2021A0011J7W","J7W",995514
"2021A0011J7X","J7X",997138
"2021A0011J7Y","J7Y",998762
"2021A0011J7Z","J7Z",1000386
"2021A0011J8A","J8A",1002010
"2021A0011J8B","J8B",1003634
"2021A0011J8C","J8C",1005258
"2021A0011J8E","J8E",1006882
"2021A0011J8G","J8G",1008506
"2021A0011J8H","J8H",1010130
"2021A0011J8L","J8L",1011754
"2021A0011J8M","J8M",1013378
"2021A0011J8N","J8N",1015002
"2021A0011J8P","J8P",1016626
"2021A0011J8R","J8R",1018250
"2021A0011J8T","J8T",1019874
"2021A0011J8V","J8V",1021498
"2021A0011J8X","J8X",1023122
"2021A0011J8Y","J8Y",1024746
"2021A0011J8Z","J8Z",1026370
"2021A0011J9A","J9A",1027994
"2021A0011J9B","J9B",1029618
"2021A0011J9E","J9E",1031242
"2021A0011J9H","J9H",1032866
"2021A0011J9J","J9J",1034490
"2021A0011J9L","J9L",1036114
"2021A0011J9P","J9P",1037738
"2021A0011J9T","J9T",1039362
"2021A0011J9V","J9V",1040986
"2021A0011J9X","J9X",1042610
"2021A0011J9Y","J9Y",1044234
"2021A0011J9Z","J9Z",1045858
"2021A0011K0A","K0A",1047482
"2021A0011K0B","K0B",1049106
"2021A0011K0C","K0C",1050730
"2021A0011K0E","K0E",1052354
"2021A0011K0G","K0G",1053978
"2021A0011K0H","K0H",1055602
"2021A0011K0J","K0J",1057226
"2021A0011K0K","K0K",1058850
"2021A0011K0L","K0L",1060474
"2021A0011K0M","K0M",1062098
"2021A0011K1A","K1A",1063722
"2021A0011K1B","K1B",1065346
"2021A0011K1C","K1C",1066970
"2021A0011K1E","K1E",1068594
"2021A0011K1G","K1G",1070218
"2021A0011K1H","K1H",1071842
"2021A0011K1J","K1J",1073466
"2021A0011K1K","K1K",1075090
"2021A0011K1L","K1L",1076714
"2021A0011K1M","K1M",1078338
"2021A0011K1N","K1N",1079962
"2021A0011K1P","K1P",1081586
"2021A0011K1R","K1R",1083210
"2021A0011K1S","K1S",1084834
"2021A0011K1T","K1T",1086458
"2021A0011K1V","K1V",1088082
"2021A0011K1W","K1W",1089706
"2021A0011K1X","K1X",1091330
"2021A0011K1Y","K1Y",1092954
"2021A0011K1Z","K1Z",1094578
"2021A0011K2A","K2A",1096202
"2021A0011K2B","K2B",1097826
"2021A0011K2C","K2C",1099450
"2021A0011K2E","K2E",1101074
"2021A0011K2G","K2G",1102698
"2021A0011K2H","K2H",1104322
"2021A0011K2J","K2J",1105946
"2021A0011K2K","K2K",1107570
"2021A0011K2L","K2L",1109194
"2021A0011K2M","K2M",1110818
"2021A0011K2P","K2P",1112442
"2021A0011K2R","K2R",1114066
"2021A0011K2S","K2S",1115690
"2021A0011K2T","K2T",1117314
"2021A0011K2V","K2V",1118938
"2021A0011K2W","K2W",1120562
"2021A0011K4A","K4A",1122186
"2021A0011K4B","K4B",1123810
"2021A0011K4C","K4C",1125434
"2021A0011K4K","K4K",1127058
"2021A0011K4M","K4M",1128682
"2021A0011K4P","K4P",1130306
"2021A0011K4R","K4R",1131930
"2021A0011K6A","K6A",1133554
"2021A0011K6H","K6H",1135178
"2021A0011K6J","K6J",1136802
"2021A0011K6K","K6K",1138426
"2021A0011K6T","K6T",1140050
"2021A0011K6V","K6V",1141674
"2021A0011K7A","K7A",1143298
"2021A0011K7C","K7C",1144922
"2021A0011K7G","K7G",1146546
"2021A0011K7H","K7H",1148170
"2021A0011K7K","K7K",1149794
"2021A0011K7L","K7L",1151418
"2021A0011K7M","K7M",1153042
"2021A0011K7N","K7N",1154666
"2021A0011K7P","K7P",1156290
"2021A0011K7R","K7R",1157914
"2021A0011K7S","K7S",1159538
"2021A0011K7V","K7V",1161162
"2021A0011K8A","K8A",1162786
"2021A0011K8B","K8B",1164410
"2021A0011K8H","K8H",1166034
"2021A0011K8N","K8N",1167658
"2021A0011K8P","K8P",1169282
"2021A0011K8R","K8R",1170906
"2021A0011K8V","K8V",1172530
"2021A0011K9A","K9A",1174154
"2021A0011K9H","K9H",1175778
"2021A0011K9J","K9J",1177402
"2021A0011K9K","K9K",1179026
"2021A0011K9L","K9L",1180650
"2021A0011K9V","K9V",1182274
"2021A0011L0A","L0A",1183898
"2021A0011L0B","L0B",1185522
"2021A0011L0C","L0C",1187146
"2021A0011L0E","L0E",1188770
"2021A0011L0G","L0G",1190394
"2021A0011L0H","L0H",1192018
"2021A0011L0J","L0J",1193642
"2021A0011L0K","L0K",1195266
"2021A0011L0L","L0L",1196890
"2021A0011L0M","L0M",1198514
"2021A0011L0N","L0N",1200138
"2021A0011L0P","L0P",1201762
"2021A0011L0R","L0R",1203386
"2021A0011L0S","L0S",1205010
"2021A0011L1A","L1A",1206634
"2021A0011L1B","L1B",1208258
"2021A0011L1C","L1C",1209882
"2021A0011L1E","L1E",1211506
"2021A0011L1G","L1G",1213130
"2021A0011L1H","L1H",1214754
"2021A0011L1J","L1J",1216378
"2021A0011L1K","L1K",1218002
"2021A0011L1L","L1L",1219626
"2021A0011L1M","L1M",1221250
"2021A0011L1N","L1N",1222874
"2021A0011L1P","L1P",1224498
"2021A0011L1R","L1R",1226122
"2021A0011L1S","L1S",1227746
"2021A0011L1T","L1T",1229370
"2021A0011L1V","L1V",1230994
"2021A0011L1W","L1W",1232618
"2021A0011L1X","L1X",1234242
"2021A0011L1Y","L1Y",1235866
"2021A0011L1Z","L1Z",1237490
"2021A0011L2A","L2A",1239114
"2021A0011L2E","L2E",1240738
"2021A0011L2G","L2G",1242362
"2021A0011L2H","L2H",1243986
"2021A0011L2J","L2J",1245610
"2021A0011L2M","L2M",1247234
"2021A0011L2N","L2N",1248858
"2021A0011L2P","L2P",1250482
"2021A0011L2R","L2R",1252106
"2021A0011L2S","L2S",1253730
"2021A0011L2T","L2T",1255354
"2021A0011L2V","L2V",1256978
"2021A0011L2W","L2W",1258602
"2021A0011L3B","L3B",1260226
"2021A0011L3C","L3C",1261850
"2021A0011L3K","L3K",1263474
"2021A0011L3L","L3L",1265098
"2021A0011L3M","L3M",1266722
"2021A0011L3P","L3P",1268346
"2021A0011L3R","L3R",1269970
"2021A0011L3S","L3S",1271594
"2021A0011L3T","L3T",1273218
"2021A0011L3V","L3V",1274842
"2021A0011L3X","L3X",1276466
"2021A0011L3Y","L3Y",1278090
"2021A0011L3Z","L3Z",1279714
"2021A0011L4A","L4A",1281338
"2021A0011L4B","L4B",1282962
"2021A0011L4C","L4C",1284586
"2021A0011L4E","L4E",1286210
"2021A0011L4G","L4G",1287834
"2021A0011L4H","L4H",1289458
"2021A0011L4J","L4J",1291082
"2021A0011L4K","L4K",1292706
"2021A0011L4L","L4L",1294330
"2021A0011L4M","L4M",1295954
"2021A0011L4N","L4N",1297578
"2021A0011L4P","L4P",1299202
"2021A0011L4R","L4R",1300826
"2021A0011L4S","L4S",1302450
"2021A0011L4T","L4T",1304074
"2021A0011L4V","L4V",1305698
"2021A0011L4W","L4W",1307322
"2021A0011L4X","L4X",1308946
"2021A0011L4Y","L4Y",1310570
"2021A0011L4Z","L4Z",1312194
"2021A0011L5A","L5A",1313818
"2021A0011L5B","L5B",1315442
"2021A0011L5C","L5C",1317066
"2021A0011L5E","L5E",1318690
"2021A0011L5G","L5G",1320314
"2021A0011L5H","L5H",1321938
"2021A0011L5J","L5J",1323562
"2021A0011L5K","L5K",1325186
"2021A0011L5L","L5L",1326810
"2021A0011L5M","L5M",1328434
"2021A0011L5N","L5N",1330058
"2021A0011L5R","L5R",1331682
"2021A0011L5S","L5S",1333306
"2021A0011L5T","L5T",1334930
"2021A0011L5V","L5V",1336554
"2021A0011L5W","L5W",1338178
"2021A0011L6A","L6A",1339802
"2021A0011L6B","L6B",1341426
"2021A0011L6C","L6C",1343050
"2021A0011L6E","L6E",1344674
"2021A0011L6G","L6G",1346298
"2021A0011L6H","L6H",1347922
"2021A0011L6J","L6J",1349546
"2021A0011L6K","L6K",1351170
"2021A0011L6L","L6L",1352794
"2021A0011L6M","L6M",1354418
"2021A0011L6P","L6P",1356042
"2021A0011L6R","L6R",1357666
"2021A0011L6S","L6S",1359290
"2021A0011L6T","L6T",1360914
"2021A0011L6V","L6V",1362538
"2021A0011L6W","L6W",1364162
"2021A0011L6X","L6X",1365786
"2021A0011L6Y","L6Y",1367410
"2021A0011L6Z","L6Z",1369034
"2021A0011L7A","L7A",1370658
"2021A0011L7B","L7B",1372282
"2021A0011L7C","L7C",1373906
"2021A0011L7E","L7E",1375530
"2021A0011L7G","L7G",1377154
"2021A0011L7J","L7J",1378778
"2021A0011L7K","L7K",1380402
"2021A0011L7L","L7L",1382026
"2021A0011L7M","L7M",1383650
"2021A0011L7N","L7N",1385274
"2021A0011L7P","L7P",1386898
"2021A0011L7R","L7R",1388522
"2021A0011L7S","L7S",1390146
"2021A0011L7T","L7T",1391770
"2021A0011L8B","L8B",1393394
"2021A0011L8E","L8E",1395018
"2021A0011L8G","L8G",1396642
"2021A0011L8H","L8H",1398266
"2021A0011L8J","L8J",1399890
"2021A0011L8K","L8K",1401514
"2021A0011L8L","L8L",1403138
"2021A0011L8M","L8M",1404762
"2021A0011L8N","L8N",1406386
"2021A0011L8P","L8P",1408010
"2021A0011L8R","L8R",1409634
"2021A0011L8S","L8S",1411258
"2021A0011L8T","L8T",1412882
"2021A0011L8V","L8V",1414506
"2021A0011L8W","L8W",1416130
"2021A0011L9A","L9A",1417754
"2021A0011L9B","L9B",1419378
"2021A0011L9C","L9C",1421002
"2021A0011L9E","L9E",1422626
"2021A0011L9G","L9G",1424250
"2021A0011L9H","L9H",1425874
"2021A0011L9J","L9J",1427498
"2021A0011L9K","L9K",1429122
"2021A0011L9L","L9L",1430746
"2021A0011L9M","L9M",1432370
"2021A0011L9N","L9N",1433994
"2021A0011L9P","L9P",1435618
"2021A0011L9R","L9R",1437242
"2021A0011L9S","L9S",1438866
"2021A0011L9T","L9T",1440490
"2021A0011L9V","L9V",1442114
"2021A0011L9W","L9W",1443738
"2021A0011L9X","L9X",1445362
"2021A0011L9Y","L9Y",1446986
"2021A0011L9Z","L9Z",1448610
"2021A0011M1B","M1B",1450234
"2021A0011M1C","M1C",1451858
"2021A0011M1E","M1E",1453482
"2021A0011M1G","M1G",1455106
"2021A0011M1H","M1H",1456730
"2021A0011M1J","M1J",1458354
"2021A0011M1K","M1K",1459978
"2021A0011M1L","M1L",1461602
"2021A0011M1M","M1M",1463226
"2021A0011M1N","M1N",1464850
"2021A0011M1P","M1P",1466474
"2021A0011M1R","M1R",1468098
"2021A0011M1S","M1S",1469722
"2021A0011M1T","M1T",1471346
"2021A0011M1V","M1V",1472970
"2021A0011M1W","M1W",1474594
"2021A0011M1X","M1X",1476218
"2021A0011M2H","M2H",1477842
"2021A0011M2J","M2J",1479466
"2021A0011M2K","M2K",1481090
"2021A0011M2L","M2L",1482714
"2021A0011M2M","M2M",1484338
"2021A0011M2N","M2N",1485962
"2021A0011M2P","M2P",1487586
"2021A0011M2R","M2R",1489210
"2021A0011M3A","M3A",1490834
"2021A0011M3B","M3B",1492458
"2021A0011M3C","M3C",1494082
"2021A0011M3H","M3H",1495706
"2021A0011M3J","M3J",1497330
"2021A0011M3K","M3K",1498954
"2021A0011M3L","M3L",1500578
"2021A0011M3M","M3M",1502202
"2021A0011M3N","M3N",1503826
"2021A0011M4A","M4A",1505450
"2021A0011M4B","M4B",1507074
"2021A0011M4C","M4C",1508698
"2021A0011M4E","M4E",1510322
"2021A0011M4G","M4G",1511946
"2021A0011M4H","M4H",1513570
"2021A0011M4J","M4J",1515194
"2021A0011M4K","M4K",1516818
"2021A0011M4L","M4L",1518442
"2021A0011M4M","M4M",1520066
"2021A0011M4N","M4N",1521690
"2021A0011M4P","M4P",1523314
"2021A0011M4R","M4R",1524938
"2021A0011M4S","M4S",1526562
"2021A0011M4T","M4T",1528186
"2021A0011M4V","M4V",1529810
"2021A0011M4W","M4W",1531434
"2021A0011M4X","M4X",1533058
"2021A0011M4Y","M4Y",1534682
"2021A0011M5A","M5A",1536306
"2021A0011M5B","M5B",1537930
"2021A0011M5C","M5C",1539554
"2021A0011M5E","M5E",1541178
"2021A0011M5G","M5G",1542802
"2021A0011M5H","M5H",1544426
"2021A0011M5J","M5J",1546050
"2021A0011M5M","M5M",1547674
"2021A0011M5N","M5N",1549298
"2021A0011M5P","M5P",1550922
"2021A0011M5R","M5R",1552546
"2021A0011M5S","M5S",1554170
"2021A0011M5T","M5T",1555794
"2021A0011M5V","M5V",1557418
"2021A0011M6A","M6A",1559042
"2021A0011M6B","M6B",1560666
"2021A0011M6C","M6C",1562290
"2021A0011M6E","M6E",1563914
"2021A0011M6G","M6G",1565538
"2021A0011M6H","M6H",1567162
"2021A0011M6J","M6J",1568786
"2021A0011M6K","M6K",1570410
"2021A0011M6L","M6L",1572034
"2021A0011M6M","M6M",1573658
"2021A0011M6N","M6N",1575282
"2021A0011M6P","M6P",1576906
"2021A0011M6R","M6R",1578530
"2021A0011M6S","M6S",1580154
"2021A0011M7A","M7A",1581778
"2021A0011M8V","M8V",1583402
"2021A0011M8W","M8W",1585026
"2021A0011M8X","M8X",1586650
"2021A0011M8Y","M8Y",1588274
"2021A0011M8Z","M8Z",1589898
"2021A0011M9A","M9A",1591522
"2021A0011M9B","M9B",1593146
"2021A0011M9C","M9C",1594770
"2021A0011M9L","M9L",1596394
"2021A0011M9M","M9M",1598018
"2021A0011M9N","M9N",1599642
"2021A0011M9P","M9P",1601266
"2021A0011M9R","M9R",1602890
"2021A0011M9V","M9V",1604514
"2021A0011M9W","M9W",1606138
"2021A0011N0A","N0A",1607762
"2021A0011N0B","N0B",1609386
"2021A0011N0C","N0C",1611010
"2021A0011N0E","N0E",1612634
"2021A0011N0G","N0G",1614258
"2021A0011N0H","N0H",1615882
"2021A0011N0J","N0J",1617506
"2021A0011N0K","N0K",1619130
"2021A0011N0L","N0L",1620754
"2021A0011N0M","N0M",1622378
"2021A0011N0N","N0N",1624002
"2021A0011N0P","N0P",1625626
"2021A0011N0R","N0R",1627250
"2021A0011N1A","N1A",1628874
"2021A0011N1C","N1C",1630498
"2021A0011N1E","N1E",1632122
"2021A0011N1G","N1G",1633746
"2021A0011N1H","N1H",1635370
"2021A0011N1K","N1K",1636994
"2021A0011N1L","N1L",1638618
"2021A0011N1M","N1M",1640242
"2021A0011N1P","N1P",1641866
"2021A0011N1R","N1R",1643490
"2021A0011N1S","N1S",1645114
"2021A0011N1T","N1T",1646738
"2021A0011N2A","N2A",1648362
"2021A0011N2B","N2B",1649986
"2021A0011N2C","N2C",1651610
"2021A0011N2E","N2E",1653234
"2021A0011N2G","N2G",1654858
"2021A0011N2H","N2H",1656482
"2021A0011N2J","N2J",1658106
"2021A0011N2K","N2K",1659730
"2021A0011N2L","N2L",1661354
"2021A0011N2M","N2M",1662978
"2021A0011N2N","N2N",1664602
"2021A0011N2P","N2P",1666226
"2021A0011N2R","N2R",1667850
"2021A0011N2T","N2T",1669474
"2021A0011N2V","N2V",1671098
"2021A0011N2Z","N2Z",1672722
"2021A0011N3A","N3A",1674346
"2021A0011N3B","N3B",1675970
"2021A0011N3C","N3C",1677594
"2021A0011N3E","N3E",1679218
"2021A0011N3H","N3H",1680842
"2021A0011N3L","N3L",1682466
"2021A0011N3P","N3P",1684090
"2021A0011N3R","N3R",1685714
"2021A0011N3S","N3S",1687338
"2021A0011N3T","N3T",1688962
"2021A0011N3V","N3V",1690586
"2021A0011N3W","N3W",1692210
"2021A0011N3Y","N3Y",1693834
"2021A0011N4B","N4B",1695458
"2021A0011N4G","N4G",1697082
"2021A0011N4K","N4K",1698706
"2021A0011N4L","N4L",1700330
"2021A0011N4N","N4N",1701954
"2021A0011N4S","N4S",1703578
"2021A0011N4T","N4T",1705202
"2021A0011N4V","N4V",1706826
"2021A0011N4W","N4W",1708450
"2021A0011N4X","N4X",1710074
"2021A0011N4Z","N4Z",1711698
"2021A0011N5A","N5A",1713322
"2021A0011N5C","N5C",1714946
"2021A0011N5H","N5H",1716570
"2021A0011N5L","N5L",1718194
"2021A0011N5P","N5P",1719818
"2021A0011N5R","N5R",1721442
"2021A0011N5V","N5V",1723066
"2021A0011N5W","N5W",1724690
"2021A0011N5X","N5X",1726314
"2021A0011N5Y","N5Y",1727938
"2021A0011N5Z","N5Z",1729562
"2021A0011N6A","N6A",1731186
"2021A0011N6B","N6B",1732810
"2021A0011N6C","N6C",1734434
"2021A0011N6E","N6E",1736058
"2021A0011N6G","N6G",1737682
"2021A0011N6H","N6H",1739306
"2021A0011N6J","N6J",1740930
"2021A0011N6K","N6K",1742554
"2021A0011N6L","N6L",1744178
"2021A0011N6M","N6M",1745802
"2021A0011N6N","N6N",1747426
"2021A0011N6P","N6P",1749050
"2021A0011N7A","N7A",1750674
"2021A0011N7G","N7G",1752298
"2021A0011N7L","N7L",1753922
"2021A0011N7M","N7M",1755546
"2021A0011N7S","N7S",1757170
"2021A0011N7T","N7T",1758794
"2021A0011N7V","N7V",1760418
"2021A0011N7W","N7W",1762042
"2021A0011N7X","N7X",1763666
"2021A0011N8A","N8A",1765290
"2021A0011N8H","N8H",1766914
"2021A0011N8M","N8M",1768538
"2021A0011N8N","N8N",1770162
"2021A0011N8P","N8P",1771786
"2021A0011N8R","N8R",1773410
"2021A0011N8S","N8S",1775034
"2021A0011N8T","N8T",1776658
"2021A0011N8W","N8W",1778282
"2021A0011N8X","N8X",1779906
"2021A0011N8Y","N8Y",1781530
"2021A0011N9A","N9A",1783154
"2021A0011N9B","N9B",1784778
"2021A0011N9C","N9C",1786402
"2021A0011N9E","N9E",1788026
"2021A0011N9G","N9G",1789650
"2021A0011N9H","N9H",1791274
"2021A0011N9J","N9J",1792898
"2021A0011N9K","N9K",1794522
"2021A0011N9V","N9V",1796146
"2021A0011N9Y","N9Y",1797770
"2021A0011P0A","P0A",1799394
"2021A0011P0B","P0B",1801018
"2021A0011P0C","P0C",1802642
"2021A0011P0E","P0E",1804266
"2021A0011P0G","P0G",1805890
"2021A0011P0H","P0H",1807514
"2021A0011P0J","P0J",1809138
"2021A0011P0K","P0K",1810762
"2021A0011P0L","P0L",1812386
"2021A0011P0M","P0M",1814010
"2021A0011P0N","P0N",1815634
"2021A0011P0P","P0P",1817258
"2021A0011P0R","P0R",1818882
"2021A0011P0S","P0S",1820506
"2021A0011P0T","P0T",1822130
"2021A0011P0V","P0V",1823754
"2021A0011P0W","P0W",1825378
"2021A0011P0X","P0X",1827002
"2021A0011P0Y","P0Y",1828626
"2021A0011P1A","P1A",1830250
"2021A0011P1B","P1B",1831874
"2021A0011P1C","P1C",1833498
"2021A0011P1H","P1H",1835122
"2021A0011P1L","P1L",1836746
"2021A0011P1P","P1P",1838370
"2021A0011P2A","P2A",1839994
"2021A0011P2B","P2B",1841618
"2021A0011P2N","P2N",1843242
"2021A0011P3A","P3A",1844866
"2021A0011P3B","P3B",1846490
"2021A0011P3C","P3C",1848114
"2021A0011P3E","P3E",1849738
"2021A0011P3G","P3G",1851362
"2021A0011P3L","P3L",1852986
"2021A0011P3N","P3N",1854610
"2021A0011P3P","P3P",1856234
"2021A0011P3Y","P3Y",1857858
"2021A0011P4N","P4N",1859482
"2021A0011P4P","P4P",1861106
"2021A0011P4R","P4R",1862730
"2021A0011P5A","P5A",1864354
"2021A0011P5E","P5E",1865978
"2021A0011P5N","P5N",1867602
"2021A0011P6A","P6A",1869226
"2021A0011P6B","P6B",1870850
"2021A0011P6C","P6C",1872474
"2021A0011P7A","P7A",1874098
"2021A0011P7B","P7B",1875722
"2021A0011P7C","P7C",1877346
"2021A0011P7E","P7E",1878970
"2021A0011P7G","P7G",1880594
"2021A0011P7J","P7J",1882218
"2021A0011P7K","P7K",1883842
"2021A0011P7L","P7L",1885466
"2021A0011P8N","P8N",1887090
"2021A0011P8T","P8T",1888714
"2021A0011P9A","P9A",1890338
"2021A0011P9N","P9N",1891962
"2021A0011R0A","R0A",1893586
"2021A0011R0B","R0B",1895210
"2021A0011R0C","R0C",1896834
"2021A0011R0E","R0E",1898458
"2021A0011R0G","R0G",1900082
"2021A0011R0H","R0H",1901706
"2021A0011R0J","R0J",1903330
"2021A0011R0K","R0K",1904954
"2021A0011R0L","R0L",1906578
"2021A0011R0M","R0M",1908202
"2021A0011R1A","R1A",1909826
"2021A0011R1B","R1B",1911450
"2021A0011R1C","R1C",1913074
"2021A0011R1N","R1N",1914698
"2021A0011R2C","R2C",1916322
"2021A0011R2E","R2E",1917946
"2021A0011R2G","R2G",1919570
"2021A0011R2H","R2H",1921194
"2021A0011R2J","R2J",1922818
"2021A0011R2K","R2K",1924442
"2021A0011R2L","R2L",1926066
"2021A0011R2M","R2M",1927690
"2021A0011R2N","R2N",1929314
"2021A0011R2P","R2P",1930938
"2021A0011R2R","R2R",1932562
"2021A0011R2V","R2V",1934186
"2021A0011R2W","R2W",1935810
"2021A0011R2X","R2X",1937434
"2021A0011R2Y","R2Y",1939058
"2021A0011R3A","R3A",1940682
"2021A0011R3B","R3B",1942306
"2021A0011R3C","R3C",1943930
"2021A0011R3E","R3E",1945554
"2021A0011R3G","R3G",1947178
"2021A0011R3H","R3H",1948802
"2021A0011R3J","R3J",1950426
"2021A0011R3K","R3K",1952050
"2021A0011R3L","R3L",1953674
"2021A0011R3M","R3M",1955298
"2021A0011R3N","R3N",1956922
"2021A0011R3P","R3P",1958546
"2021A0011R3R","R3R",1960170
"2021A0011R3S","R3S",1961794
"2021A0011R3T","R3T",1963418
"2021A0011R3V","R3V",1965042
"2021A0011R3W","R3W",1966666
"2021A0011R3X","R3X",1968290
"2021A0011R3Y","R3Y",1969914
"2021A0011R4A","R4A",1971538
"2021A0011R4G","R4G",1973162
"2021A0011R4H","R4H",1974786
"2021A0011R4J","R4J",1976410
"2021A0011R4K","R4K",1978034
"2021A0011R4L","R4L",1979658
"2021A0011R5A","R5A",1981282
"2021A0011R5G","R5G",1982906
"2021A0011R5H","R5H",1984530
"2021A0011R5J","R5J",1986154
"2021A0011R5K","R5K",1987778
"2021A0011R5L","R5L",1989402
"2021A0011R5M","R5M",1991026
"2021A0011R5N","R5N",1992650
"2021A0011R5P","R5P",1994274
"2021A0011R5R","R5R",1995898
"2021A0011R5T","R5T",1997522
"2021A0011R6M","R6M",1999146
"2021A0011R6W","R6W",2000770
"2021A0011R7A","R7A",2002394
"2021A0011R7B","R7B",2004018
"2021A0011R7C","R7C",2005642
"2021A0011R7N","R7N",2007266
"2021A0011R8A","R8A",2008890
"2021A0011R8N","R8N",2010514
"2021A0011R9A","R9A",2012138
"2021A0011S0A","S0A",2013762
"2021A0011S0C","S0C",2015386
"2021A0011S0E","S0E",2017010
"2021A0011S0G","S0G",2018634
"2021A0011S0H","S0H",2020258
"2021A0011S0J","S0J",2021882
"2021A0011S0K","S0K",2023506
"2021A0011S0L","S0L",2025130
"2021A0011S0M","S0M",2026754
"2021A0011S0N","S0N",2028378
"2021A0011S0P","S0P",2030002
"2021A0011S2V","S2V",2031626
"2021A0011S3N","S3N",2033250
"2021A0011S4A","S4A",2034874
"2021A0011S4H","S4H",2036498
"2021A0011S4K","S4K",2038122
"2021A0011S4L","S4L",2039746
"2021A0011S4N","S4N",2041370
"2021A0011S4P","S4P",2042994
"2021A0011S4R","S4R",2044618
"2021A0011S4S","S4S",2046242
"2021A0011S4T","S4T",2047866
"2021A0011S4V","S4V",2049490
"2021A0011S4W","S4W",2051114
"2021A0011S4X","S4X",2052738
"2021A0011S4Y","S4Y",2054362
"2021A0011S4Z","S4Z",2055986
"2021A0011S6H","S6H",2057610
"2021A0011S6J","S6J",2059234
"2021A0011S6K","S6K",2060858
"2021A0011S6V","S6V",2062482
"2021A0011S6W","S6W",2064106
"2021A0011S6X","S6X",2065730
"2021A0011S7A","S7A",2067354
"2021A0011S7B","S7B",2068978
"2021A0011S7C","S7C",2070602
"2021A0011S7H","S7H",2072226
"2021A0011S7J","S7J",2073850
"2021A0011S7K","S7K",2075474
"2021A0011S7L","S7L",2077098
"2021A0011S7M","S7M",2078722
"2021A0011S7N","S7N",2080346
"2021A0011S7P","S7P",2081970
"2021A0011S7R","S7R",2083594
"2021A0011S7S","S7S",2085218
"2021A0011S7T","S7T",2086842
"2021A0011S7V","S7V",2088466
"2021A0011S7W","S7W",2090090
"2021A0011S9A","S9A",2091714
"2021A0011S9H","S9H",2093338
"2021A0011S9V","S9V",2094962
"2021A0011S9X","S9X",2096586
"2021A0011T0A","T0A",2098210
"2021A0011T0B","T0B",2099834
"2021A0011T0C","T0C",2101458
"2021A0011T0E","T0E",2103082
"2021A0011T0G","T0G",2104706
"2021A0011T0H","T0H",2106330
"2021A0011T0J","T0J",2107954
"2021A0011T0K","T0K",2109578
"2021A0011T0L","T0L",2111202
"2021A0011T0M","T0M",2112826
"2021A0011T0P","T0P",2114450
"2021A0011T1A","T1A",2116074
"2021A0011T1B","T1B",2117698
"2021A0011T1C","T1C",2119322
"2021A0011T1G","T1G",2120946
"2021A0011T1H","T1H",2122570
"2021A0011T1J","T1J",2124194
"2021A0011T1K","T1K",2125818
"2021A0011T1L","T1L",2127442
"2021A0011T1M","T1M",2129066
"2021A0011T1P","T1P",2130690
"2021A0011T1R","T1R",2132314
"2021A0011T1S","T1S",2133938
"2021A0011T1V","T1V",2135562
"2021A0011T1W","T1W",2137186
"2021A0011T1X","T1X",2138810
"2021A0011T1Y","T1Y",2140434
"2021A0011T1Z","T1Z",2142058
"2021A0011T2A","T2A",2143682
"2021A0011T2B","T2B",2145306
"2021A0011T2C","T2C",2146930
"2021A0011T2E","T2E",2148554
"2021A0011T2G","T2G",2150178
"2021A0011T2H","T2H",2151802
"2021A0011T2J","T2J",2153426
"2021A0011T2K","T2K",2155050
"2021A0011T2L","T2L",2156674
"2021A0011T2M","T2M",2158298
"2021A0011T2N","T2N",2159922
"2021A0011T2P","T2P",2161546
"2021A0011T2R","T2R",2163170
"2021A0011T2S","T2S",2164794
"2021A0011T2T","T2T",2166418
"2021A0011T2V","T2V",2168042
"2021A0011T2W","T2W",2169666
"2021A0011T2X","T2X",2171290
"2021A0011T2Y","T2Y",2172914
"2021A0011T2Z","T2Z",2174538
"2021A0011T3A","T3A",2176162
"2021A0011T3B","T3B",2177786
"2021A0011T3C","T3C",2179410
"2021A0011T3E","T3E",2181034
"2021A0011T3G","T3G",2182658
"2021A0011T3H","T3H",2184282
"2021A0011T3J","T3J",2185906
"2021A0011T3K","T3K",2187530
"2021A0011T3L","T3L",2189154
"2021A0011T3M","T3M",2190778
"2021A0011T3N","T3N",2192402
"2021A0011T3P","T3P",2194026
"2021A0011T3R","T3R",2195650
"2021A0011T3S","T3S",2197274
"2021A0011T3Z","T3Z",2198898
"2021A0011T4A","T4A",2200522
"2021A0011T4B","T4B",2202146
"2021A0011T4C","T4C",2203770
"2021A0011T4E","T4E",2205394
"2021A0011T4G","T4G",2207018
"2021A0011T4H","T4H",2208642
"2021A0011T4J","T4J",2210266
"2021A0011T4L","T4L",2211890
"2021A0011T4M","T4M",2213514
"2021A0011T4N","T4N",2215138
"2021A0011T4P","T4P",2216762
"2021A0011T4R","T4R",2218386
"2021A0011T4S","T4S",2220010
"2021A0011T4T","T4T",2221634
"2021A0011T4V","T4V",2223258
"2021A0011T4X","T4X",2224882
"2021A0011T5A","T5A",2226506
"2021A0011T5B","T5B",2228130
"2021A0011T5C","T5C",2229754
"2021A0011T5E","T5E",2231378
"2021A0011T5G","T5G",2233002
"2021A0011T5H","T5H",2234626
"2021A0011T5J","T5J",2236250
"2021A0011T5K","T5K",2237874
"2021A0011T5L","T5L",2239498
"2021A0011T5M","T5M",2241122
"2021A0011T5N","T5N",2242746
"2021A0011T5P","T5P",2244370
"2021A0011T5R","T5R",2245994
"2021A0011T5S","T5S",2247618
"2021A0011T5T","T5T",2249242
"2021A0011T5V","T5V",2250866
"2021A0011T5W","T5W",2252490
"2021A0011T5X","T5X",2254114
"2021A0011T5Y","T5Y",2255738
"2021A0011T5Z","T5Z",2257362
"2021A0011T6A","T6A",2258986
"2021A0011T6B","T6B",2260610
"2021A0011T6C","T6C",2262234
"2021A0011T6E","T6E",2263858
"2021A0011T6G","T6G",2265482
"2021A0011T6H","T6H",2267106
"2021A0011T6J","T6J",2268730
"2021A0011T6K","T6K",2270354
"2021A0011T6L","T6L",2271978
"2021A0011T6M","T6M",2273602
"2021A0011T6N","T6N",2275226
"2021A0011T6P","T6P",2276850
"2021A0011T6R","T6R",2278474
"2021A0011T6S","T6S",2280098
"2021A0011T6T","T6T",2281722
"2021A0011T6V","T6V",2283346
"2021A0011T6W","T6W",2284970
"2021A0011T6X","T6X",2286594
"2021A0011T6Y","T6Y",2288218
"2021A0011T7A","T7A",2289842
"2021A0011T7E","T7E",2291466
"2021A0011T7N","T7N",2293090
"2021A0011T7P","T7P",2294714
"2021A0011T7S","T7S",2296338
"2021A0011T7V","T7V",2297962
"2021A0011T7X","T7X",2299586
"2021A0011T7Y","T7Y",2301210
"2021A0011T7Z","T7Z",2302834
"2021A0011T8A","T8A",2304458
"2021A0011T8B","T8B",2306082
"2021A0011T8C","T8C",2307706
"2021A0011T8E","T8E",2309330
"2021A0011T8G","T8G",2310954
"2021A0011T8H","T8H",2312578
"2021A0011T8L","T8L",2314202
"2021A0011T8N","T8N",2315826
"2021A0011T8R","T8R",2317450
"2021A0011T8S","T8S",2319074
"2021A0011T8T","T8T",2320698
"2021A0011T8V","T8V",2322322
"2021A0011T8W","T8W",2323946
"2021A0011T8X","T8X",2325570
"2021A0011T9A","T9A",2327194
"2021A0011T9C","T9C",2328818
"2021A0011T9E","T9E",2330442
"2021A0011T9G","T9G",2332066
"2021A0011T9H","T9H",2333690
"2021A0011T9J","T9J",2335314
"2021A0011T9K","T9K",2336938
"2021A0011T9M","T9M",2338562
"2021A0011T9N","T9N",2340186
"2021A0011T9S","T9S",2341810
"2021A0011T9V","T9V",2343434
"2021A0011T9W","T9W",2345058
"2021A0011T9X","T9X",2346682
"2021A0011V0A","V0A",2348306
"2021A0011V0B","V0B",2349930
"2021A0011V0C","V0C",2351554
"2021A0011V0E","V0E",2353178
"2021A0011V0G","V0G",2354802
"2021A0011V0H","V0H",2356426
"2021A0011V0J","V0J",2358050
"2021A0011V0K","V0K",2359674
"2021A0011V0L","V0L",2361298
"2021A0011V0M","V0M",2362922
"2021A0011V0N","V0N",2364546
"2021A0011V0P","V0P",2366170
"2021A0011V0R","V0R",2367794
"2021A0011V0S","V0S",2369418
"2021A0011V0T","V0T",2371042
"2021A0011V0V","V0V",2372666
"2021A0011V0W","V0W",2374290
"2021A0011V0X","V0X",2375914
"2021A0011V1A","V1A",2377538
"2021A0011V1B","V1B",2379162
"2021A0011V1C","V1C",2380786
"2021A0011V1E","V1E",2382410
"2021A0011V1G","V1G",2384034
"2021A0011V1H","V1H",2385658
"2021A0011V1J","V1J",2387282
"2021A0011V1K","V1K",2388906
"2021A0011V1L","V1L",2390530
"2021A0011V1M","V1M",2392154
"2021A0011V1N","V1N",2393778
"2021A0011V1P","V1P",2395402
"2021A0011V1R","V1R",2397026
"2021A0011V1S","V1S",2398650
"2021A0011V1T","V1T",2400274
"2021A0011V1V","V1V",2401898
"2021A0011V1W","V1W",2403522
"2021A0011V1X","V1X",2405146
"2021A0011V1Y","V1Y",2406770
"2021A0011V1Z","V1Z",2408394
"2021A0011V2A","V2A",2410018
"2021A0011V2B","V2B",2411642
"2021A0011V2C","V2C",2413266
"2021A0011V2E","V2E",2414890
"2021A0011V2G","V2G",2416514
"2021A0011V2H","V2H",2418138
"2021A0011V2J","V2J",2419762
"2021A0011V2K","V2K",2421386
"2021A0011V2L","V2L",2423010
"2021A0011V2M","V2M",2424634
"2021A0011V2N","V2N",2426258
"2021A0011V2P","V2P",2427882
"2021A0011V2R","V2R",2429506
"2021A0011V2S","V2S",2431130
"2021A0011V2T","V2T",2432754
"2021A0011V2V","V2V",2434378
"2021A0011V2W","V2W",2436002
"2021A0011V2X","V2X",2437626
"2021A0011V2Y","V2Y",2439250
"2021A0011V2Z","V2Z",2440874
"2021A0011V3A","V3A",2442498
"2021A0011V3B","V3B",2444122
"2021A0011V3C","V3C",2445746
"2021A0011V3E","V3E",2447370
"2021A0011V3G","V3G",2448994
"2021A0011V3H","V3H",2450618
"2021A0011V3J","V3J",2452242
"2021A0011V3K","V3K",2453866
"2021A0011V3L","V3L",2455490
"2021A0011V3M","V3M",2457114
"2021A0011V3N","V3N",2458738
"2021A0011V3R","V3R",2460362
"2021A0011V3S","V3S",2461986
"2021A0011V3T","V3T",2463610
"2021A0011V3V","V3V",2465234
"2021A0011V3W","V3W",2466858
"2021A0011V3X","V3X",2468482
"2021A0011V3Y","V3Y",2470106
"2021A0011V3Z","V3Z",2471730
"2021A0011V4A","V4A",2473354
"2021A0011V4B","V4B",2474978
"2021A0011V4C","V4C",2476602
"2021A0011V4E","V4E",2478226
"2021A0011V4G","V4G",2479850
"2021A0011V4K","V4K",2481474
"2021A0011V4L","V4L",2483098
"2021A0011V4M","V4M",2484722
"2021A0011V4N","V4N",2486346
"2021A0011V4P","V4P",2487970
"2021A0011V4R","V4R",2489594
"2021A0011V4S","V4S",2491218
"2021A0011V4T","V4T",2492842
"2021A0011V4V","V4V",2494466
"2021A0011V4W","V4W",2496090
"2021A0011V4X","V4X",2497714
"2021A0011V4Z","V4Z",2499338
"2021A0011V5A","V5A",2500962
"2021A0011V5B","V5B",2502586
"2021A0011V5C","V5C",2504210
"2021A0011V5E","V5E",2505834
"2021A0011V5G","V5G",2507458
"2021A0011V5H","V5H",2509082
"2021A0011V5J","V5J",2510706
"2021A0011V5K","V5K",2512330
"2021A0011V5L","V5L",2513954
"2021A0011V5M","V5M",2515578
"2021A0011V5N","V5N",2517202
"2021A0011V5P","V5P",2518826
"2021A0011V5R","V5R",2520450
"2021A0011V5S","V5S",2522074
"2021A0011V5T","V5T",2523698
"2021A0011V5V","V5V",2525322
"2021A0011V5W","V5W",2526946
"2021A0011V5X","V5X",2528570
"2021A0011V5Y","V5Y",2530194
"2021A0011V5Z","V5Z",2531818
"2021A0011V6A","V6A",2533442
"2021A0011V6B","V6B",2535066
"2021A0011V6C","V6C",2536690
"2021A0011V6E","V6E",2538314
"2021A0011V6G","V6G",2539938
"2021A0011V6H","V6H",2541562
"2021A0011V6J","V6J",2543186
"2021A0011V6K","V6K",2544810
"2021A0011V6L","V6L",2546434
"2021A0011V6M","V6M",2548058
"2021A0011V6N","V6N",2549682
"2021A0011V6P","V6P",2551306
"2021A0011V6R","V6R",2552930
"2021A0011V6S","V6S",2554554
"2021A0011V6T","V6T",2556178
"2021A0011V6V","V6V",2557802
"2021A0011V6W","V6W",2559426
"2021A0011V6X","V6X",2561050
"2021A0011V6Y","V6Y",2562674
"2021A0011V6Z","V6Z",2564298
"2021A0011V7A","V7A",2565922
"2021A0011V7B","V7B",2567546
"2021A0011V7C","V7C",2569170
"2021A0011V7E","V7E",2570794
"2021A0011V7G","V7G",2572418
"2021A0011V7H","V7H",2574042
"2021A0011V7J","V7J",2575666
"2021A0011V7K","V7K",2577290
"2021A0011V7L","V7L",2578914
"2021A0011V7M","V7M",2580538
"2021A0011V7N","V7N",2582162
"2021A0011V7P","V7P",2583786
"2021A0011V7R","V7R",2585410
"2021A0011V7S","V7S",2587034
"2021A0011V7T","V7T",2588658
"2021A0011V7V","V7V",2590282
"2021A0011V7W","V7W",2591906
"2021A0011V7Z","V7Z",2593530
"2021A0011V8A","V8A",2595154
"2021A0011V8B","V8B",2596778
"2021A0011V8C","V8C",2598402
"2021A0011V8E","V8E",2600026
"2021A0011V8G","V8G",2601650
"2021A0011V8J","V8J",2603274
"2021A0011V8K","V8K",2604898
"2021A0011V8L","V8L",2606522
"2021A0011V8M","V8M",2608146
"2021A0011V8N","V8N",2609770
"2021A0011V8P","V8P",2611394
"2021A0011V8R","V8R",2613018
"2021A0011V8S","V8S",2614642
"2021A0011V8T","V8T",2616266
"2021A0011V8V","V8V",2617890
"2021A0011V8W","V8W",2619514
"2021A0011V8X","V8X",2621138
"2021A0011V8Y","V8Y",2622762
"2021A0011V8Z","V8Z",2624386
"2021A0011V9A","V9A",2626010
"2021A0011V9B","V9B",2627634
"2021A0011V9C","V9C",2629258
"2021A0011V9E","V9E",2630882
"2021A0011V9G","V9G",2632506
"2021A0011V9H","V9H",2634130
"2021A0011V9J","V9J",2635754
"2021A0011V9K","V9K",2637378
"2021A0011V9L","V9L",2639002
"2021A0011V9M","V9M",2640626
"2021A0011V9N","V9N",2642250
"2021A0011V9P","V9P",2643874
"2021A0011V9R","V9R",2645498
"2021A0011V9S","V9S",2647122
"2021A0011V9T","V9T",2648746
"2021A0011V9V","V9V",2650370
"2021A0011V9W","V9W",2651994
"2021A0011V9X","V9X",2653618
"2021A0011V9Y","V9Y",2655242
"2021A0011V9Z","V9Z",2656866
"2021A0011X0A","X0A",2658490
"2021A0011X0B","X0B",2660114
"2021A0011X0C","X0C",2661738
"2021A0011X0E","X0E",2663362
"2021A0011X0G","X0G",2664986
"2021A0011X1A","X1A",2666610
"2021A0011Y0A","Y0A",2668234
"2021A0011Y0B","Y0B",2669858
"2021A0011Y1A","Y1A",2671482
